Tag1,Tag2,Num_Occurrence
graphical-output,stack,1
encoding,unicode,1
classification,internet,1
sequence,substitution,1
decision-problem,self-referential,1
conversion,game,1
polyglot,programming-puzzle,1
compression,random,1
compression,self-referential,1
parsing,permutations,1
pi,self-referential,1
image-processing,optical-char-recognition,2
code-golf,pentomino,1
cellular-automata,interpreter,1
arithmetic,number-theory,43
arithmetic,optimization,2
graphical-output,physics,1
graph-theory,probability-theory,2
balanced-string,number,5
encode,string,6
atomic-code-golf,binary,1
compression,sorting,1
array-manipulation,binary-tree,1
chemistry,math,3
code-golf,reverse-engineering,1
binary-tree,conversion,1
set-theory,string,1
alphabet,combinatorics,1
brain-flak,restricted-source,2
binary,factoring,1
encode,image-processing,1
factorial,integer,1
binary,popularity-contest,1
decision-problem,integer,17
generation,number,4
array-manipulation,cellular-automata,2
optimization,tiling,1
data-structures,number,2
math,primes,71
array-manipulation,probability-theory,2
code-shuffleboard,restricted-source,1
1p5,king-of-the-hill,1
number,polyglot,3
string,text-processing,5
typography,unicode,1
compression,javascript,1
error-message,polyglot,1
animation,date,1
code-challenge,stack,8
file-system,quine,2
math,number-theory,113
restricted-complexity,restricted-time,1
git,string,1
binary-matrix,optimization,1
polyglot,random,1
abstract-algebra,polynomials,6
code-generation,kolmogorov-complexity,4
image-processing,linear-algebra,1
code-golf,combinatorics,187
number-theory,set-partitions,3
concurrency,decision-problem,1
code-bowling,printable-ascii,2
natural-language,polyglot,1
fibonacci,restricted-source,3
game,word,1
code-challenge,text-processing,1
counting,matrix,1
assembly,code-golf,13
chemistry,string,8
assembly,machine-code,6
fastest-code,sorting,2
binary,graph-theory,2
array-manipulation,string,26
math,test-battery,1
chess,combinatorics,4
primes,string,7
kolmogorov-complexity,matrix,2
math,palindrome,6
arithmetic,polyglot,2
graph-theory,hexagonal-grid,2
brainfuck,optimized-output,1
balanced-string,primes,3
busy-beaver,manufactoria,1
interpreter,stack,11
arithmetic,programming-puzzle,1
integer-partitions,popularity-contest,2
matrix,sliding-puzzle,1
cryptography,encryption,1
complex-numbers,hexagonal-grid,2
graphical-output,restricted-source,1
integer-partitions,number,6
decision-problem,unicode,1
base-conversion,code-challenge,2
code-bowling,number,1
packing,printable-ascii,1
code-golf,popularity-contest,6
bash,code-golf,4
array-manipulation,game-of-life,1
clock,code-golf,10
kolmogorov-complexity,tiling,3
decision-problem,knot-theory,1
array-manipulation,sorting,43
code-generation,random,1
code-golf,matlab,2
decision-problem,palindrome,7
c++,multi-threading,1
code-golf,kolmogorov-complexity,486
code-challenge,statistics,1
c,king-of-the-hill,1
math,permutations,18
parsing,roman-numerals,1
c++,obfuscation,1
restricted-source,statistics,1
hexadecimal,integer,2
code-challenge,polyglot,30
coding-theory,encode,1
decision-problem,interpreter,2
binary-matrix,kolmogorov-complexity,1
code-generation,hello-world,1
matrix,parsing,1
code-generation,metagolf,4
ascii-art,music,9
cops-and-robbers,regular-expression,5
code-golf,word,19
cryptography,quine,1
optimization,optimized-output,1
quine,stateful,2
compile-time,puzzle-solver,1
functional-programming,number-theory,1
manufactoria,primes,1
permutations,tetris,1
c,date,2
ascii-art,image-processing,4
base-conversion,pi,1
ascii-art,printable-ascii,13
arithmetic,duct-tape-coding,1
1p5,word-puzzle,1
code-shuffleboard,popularity-contest,1
arithmetic,restricted-complexity,1
data-structures,graph-theory,2
game-of-life,king-of-the-hill,1
fastest-code,set-theory,1
clock,popularity-contest,1
code-golf,syntax,19
geometry,set-partitions,4
functional-programming,linear-algebra,1
code-golf,subsequence,69
python,recursion,1
code-golf,x86-family,3
fastest-code,tiling,2
answer-chaining,code-challenge,5
interpreter,test-battery,1
arithmetic,repeated-transformation,3
date,decision-problem,5
integer,sequence,47
ascii-art,keyboard,2
abstract-algebra,matrix,3
brainfuck,number,4
matrix,trigonometry,1
connected-figure,decision-problem,1
ai-player,path-finding,2
bitwise,rational-numbers,1
ascii-art,morse,1
combinatorics,restricted-complexity,1
conversion,math,2
probability-theory,statistics,2
file-system,restricted-source,2
color,math,1
code-golf,concurrency,2
board-game,tic-tac-toe,4
new-years,popularity-contest,1
atomic-code-golf,brainfuck,1
image-processing,sorting,1
duct-tape-coding,restricted-source,2
image-processing,test-battery,6
code-golf,generation,30
array-manipulation,popularity-contest,1
arithmetic,cops-and-robbers,4
decision-problem,minesweeper,1
bitwise,networking,1
geometry,packing,5
code-generation,set-theory,1
decision-problem,probability-theory,1
arithmetic,regular-expression,3
hardware,popularity-contest,1
game-of-life,optimized-output,1
code-challenge,decision-problem,10
ascii-art,cryptography,1
new-years,primes,1
primes,sequence,51
ascii-art,obfuscation,1
japt,tips,1
binary-matrix,maze,1
data-structures,math,1
brainfuck,king-of-the-hill,1
code-challenge,minesweeper,1
board-game,java,1
morse,palindrome,1
integer,interpreter,1
code-golf,decode,4
balanced-string,brain-flak,5
code-generation,string,2
new-years,source-layout,1
math,optimized-output,3
apl,code-golf,8
natural-language,stack-exchange-api,1
conversion,integer,2
division,optimization,1
approximation,code-golf,14
chess,java,1
base-conversion,counting,3
brainfuck,substitution,1
golf-cpu,primes,1
number-theory,programming-puzzle,1
decision-problem,multiple-holes,1
kolmogorov-complexity,number,23
c#,string,1
board-game,random,1
ai-player,javascript,2
math,rational-numbers,30
array-manipulation,octave,1
ascii-art,knot-theory,1
music,word-puzzle,1
code-challenge,pristine-programming,1
morse,source-layout,1
code-golf,palindrome,65
combinatorics,puzzle-solver,1
fastest-code,quine,1
set-theory,topology,1
combinatorics,path-finding,2
pattern-matching,pentomino,1
board-game,go,3
code-golf,php,5
3d,math,3
new-years,restricted-source,6
factorial,floating-point,1
ascii-art,chess,4
code-challenge,puzzle-solver,9
code-challenge,mathematics,1
graphical-output,hexagonal-grid,2
ascii-art,geometry,31
math,string,39
board-game,puzzle-solver,1
code-challenge,path-finding,11
c++,floating-point,1
matrix,restricted-source,1
string,tetris,1
code-golf,color,21
combinatorics,tic-tac-toe,2
code-challenge,dominoes,1
decision-problem,music,1
board-game,string,3
busy-beaver,math,4
floating-point,number,3
factoring,primes,14
javascript,php,1
combinatorics,graph-theory,7
javascript,optimization,1
date,error-message,1
optimization,test-battery,3
matrix,sequence,2
state-abbreviation,string,1
popularity-contest,word,1
dominoes,string,1
binary,sorting,1
math,packing,1
data-structures,perl,1
math,optimization,11
comment,vim,1
puzzle-solver,sorting,1
array-manipulation,binary,1
palindrome,set-partitions,1
fastest-code,grid,4
binary,decision-problem,8
game,python,4
matrix,source-layout,2
base-conversion,grid,1
compile-time,error-message,1
code-generation,source-layout,1
file-system,string,13
game,polyglot,1
code-generation,compiler,2
dominoes,optimization,1
counting,grid,10
fastest-code,simulation,1
math,python,3
haskell,restricted-source,1
cryptography,roman-numerals,1
decision-problem,recursion,1
geometry,popularity-contest,5
fastest-algorithm,subsequence,2
board-game,python,2
arithmetic,decision-problem,14
code-challenge,tiling,2
fastest-algorithm,string,4
ascii-art,binary-matrix,2
atomic-code-golf,bitwise,1
pattern-matching,string,2
sql,tips,2
decision-problem,matrix,18
animation,dominoes,1
binary-tree,data-structures,1
code-bowling,popularity-contest,3
permutations,polyglot,1
card-games,permutations,3
balanced-string,game,1
number,rational-numbers,10
c,multi-threading,1
javascript,json,2
combinatorics,packing,1
generation,multiple-holes,1
bitwise,compression,1
counting,natural-language,2
geometry,hexagonal-grid,3
busy-beaver,sequence,1
music,number,1
sequence,tiling,1
networking,string,3
hexagonal-grid,interpreter,1
graph-theory,permutations,2
code-golf,error-correction,6
answer-chaining,arithmetic,2
ascii-art,dominoes,2
code-golf,transformation,1
graphical-output,random,9
encode,factoring,1
malbolge,number,1
stack-exchange-api,string,1
date,sorting,3
radiation-hardening,restricted-source,1
code-challenge,interpreter,3
fewest-operations,math,2
ascii-art,puzzle-solver,3
integer,subsequence,3
card-games,subsequence,1
kolmogorov-complexity,roman-numerals,1
conversion,popularity-contest,1
balanced-string,number-theory,1
brainfuck,halting-problem,1
code-golf,encode,13
generation,math,2
date,primes,4
graphical-output,rosetta-stone,1
cellular-automata,geometry,1
graph-theory,underhanded,1
binary-matrix,code-golf,25
math,programming-puzzle,1
code-bowling,vim,1
code-bowling,compiler,1
board-game,sliding-puzzle,1
rational-numbers,restricted-source,1
abstract-algebra,number,5
boggle,cops-and-robbers,2
base-conversion,sequence,20
graphical-output,string,3
radiation-hardening,source-layout,6
geometry,kolmogorov-complexity,13
complex-numbers,grid,1
data-structures,integer,1
hello-world,printable-ascii,4
code-golf,search,18
binary,fibonacci,1
graphical-output,rubiks-cube,1
code-golf,test-battery,1
k,tips,1
electrical-engineering,test-battery,1
primes,puzzle-solver,1
roman-numerals,sequence,1
code-golf,fewest-operations,1
fastest-code,graph-theory,1
abstract-algebra,atomic-code-golf,1
code-bowling,sorting,1
matlab,tips,1
code-challenge,search,1
combinatorics,regular-expression,1
board-game,hexagonal-grid,6
code-golf,internet,72
geometry,search,1
kolmogorov-complexity,stateful,1
sequence,underhanded,1
interpreter,parsing,4
fractal,path-finding,1
answer-chaining,code-golf,1
math,printable-ascii,2
arithmetic,fibonacci,3
abstract-algebra,combinatorics,3
color,kolmogorov-complexity,3
code-challenge,regular-expression,6
code-golf,connected-figure,4
sequence,topology,1
code-golf,perl,5
code-challenge,maze,3
complex-numbers,linear-algebra,2
busy-beaver,game-of-life,1
date,popularity-contest,3
julia-lang,tips,1
data-structures,decision-problem,1
fastest-algorithm,geometry,2
sequence,subsequence,25
set-partitions,set-theory,1
optimization,sequence,2
fastest-code,game,5
compiler,lambda-calculus,1
ascii-art,maze,9
binary,image-processing,1
cellular-automata,tetris,1
cellular-automata,number,1
king-of-the-hill,path-finding,5
game-of-life,tetris,1
grid,integer,1
haskell,tips,3
hashing,metagolf,1
interpreter,recursion,2
code-golf,date,199
metagolf,stack,5
compile-time,popularity-contest,2
code-golf,function,38
code-generation,compression,3
code-challenge,word-puzzle,4
apl,tips,1
algorithm,array-manipulation,1
birthday-problem,random,1
comment,restricted-source,1
code-generation,sequence,3
dart,tips,1
ascii-art,code-bowling,1
chess,restricted-time,1
game-of-life,kolmogorov-complexity,1
algorithm,matrix,3
fastest-code,python,1
integer,palindrome,5
math,number,227
optimized-output,string,5
arithmetic,stack,1
integer-partitions,optimization,1
perl,python,1
number-theory,primes,72
popularity-contest,restricted-source,16
code-challenge,geometry,12
board-game,number,1
metagolf,quine,1
array-manipulation,rubiks-cube,3
floating-point,string,1
machine-code,tips,2
graphical-output,r,1
code-bowling,permutations,1
combinatorics,sorting,2
file-system,interactive,1
grid,source-layout,1
code-golf,conversion,62
code-golf,s.i.l.o.s,1
game,graph-theory,4
ascii-art,binary,7
game,search,1
cards,code-golf,2
color,graphical-output,7
code-challenge,compression,28
decision-problem,sudoku,3
number,whitespace,1
brain-flak,permutations,1
fractal,image-processing,4
decision-problem,factoring,3
math,topology,5
ascii-art,graph-theory,6
data-structures,decode,1
counting,date,2
decision-problem,source-layout,3
board-game,graph-theory,2
path-finding,puzzle-solver,6
algorithm,sorting,1
popularity-contest,whitespace,1
combinatorics,string,9
rosetta-stone,sequence,4
number,number-theory,83
matrix,random,1
code-challenge,file-system,1
natural-language,restricted-complexity,1
electrical-engineering,rational-numbers,2
matrix,syntax,1
graphical-output,grid,3
cjam,pyth,1
base-conversion,tic-tac-toe,1
bitwise,restricted-source,1
genetic-algorithms,string,1
abstract-algebra,rubiks-cube,1
f#,tips,1
image-processing,printable-ascii,1
boggle,code-challenge,4
connected-figure,printable-ascii,1
parsing,restricted-source,2
data-structures,search,1
decision-problem,internet,2
code-generation,math,1
brainfuck,popularity-contest,1
king-of-the-hill,string,1
graph-theory,sorting,3
graphical-output,optimization,1
duct-tape-coding,popularity-contest,4
kolmogorov-complexity,text-processing,1
code-challenge,game-of-life,5
code-golf,complex-numbers,27
binary,combinatorics,5
base-conversion,decision-problem,3
arithmetic,multiple-holes,2
source-layout,tetris,2
geometry,stack,1
music,string,1
obfuscation,string,1
fibonacci,tiling,1
printable-ascii,restricted-source,13
code-challenge,self-referential,2
code-golf,grid,195
cops-and-robbers,cryptography,2
multiple-holes,number-theory,1
binary-matrix,number,1
image-processing,stack,1
error-message,python,1
matrix,polynomials,2
popularity-contest,tiling,1
graphical-output,interactive,1
brainfuck,busy-beaver,5
binary,code-golf,136
atomic-code-golf,sorting,1
code-challenge,logic-gates,4
hashing,math,1
expression-building,programming-puzzle,1
bash,tips,3
complex-numbers,math,14
compression,matlab,1
brainfuck,code-golf,41
base-conversion,obfuscation,1
primes,set-partitions,2
apl,statistics,1
logic,math,8
restricted-time,subsequence,1
conversion,time,1
ascii-art,topology,1
decision-problem,functional-programming,1
primes,set-theory,1
kolmogorov-complexity,typography,2
math,roman-numerals,5
busy-beaver,compile-time,1
integer,substitution,1
code-generation,regular-expression,1
c#,king-of-the-hill,1
code-golf,morse,8
array-manipulation,fastest-code,3
code-generation,comment,1
board-game,code-golf,44
polyglot,string,5
popularity-contest,puzzle-solver,1
error-message,hello-world,1
counting,number-theory,1
grid,primes,3
atomic-code-golf,javascript,1
factorial,restricted-time,1
birthday-problem,code-golf,1
ascii-art,go,1
parsing,restricted-complexity,1
alphabet,answer-chaining,1
assembly,fastest-algorithm,2
base-conversion,string,10
interpreter,math,5
array-manipulation,simulation,1
c,kolmogorov-complexity,1
atomic-code-golf,parsing,1
kolmogorov-complexity,sudoku,1
arithmetic,checksum,3
obfuscation,sorting,1
syntax,tips,1
array-manipulation,json,3
classification,natural-language,4
abstract-algebra,random,1
arithmetic,date,8
string,word-search,5
palindrome,tips,2
number,sorting,14
internet,quine,2
comment,polyglot,1
code-challenge,sequence,18
code-challenge,primes,21
optimized-output,stack,1
base-conversion,printable-ascii,1
decision-problem,java,1
fewest-operations,maze,1
date,floating-point,1
primes,printable-ascii,1
3d,permutations,1
code-golf,halting-problem,3
code-golf,k,1
code-challenge,electrical-engineering,1
coding-theory,math,2
animation,typography,1
combinatorics,sequence,35
busy-beaver,number,5
printable-ascii,string,9
quine,whitespace,2
hexagonal-grid,tiling,4
popularity-contest,quine,12
code-challenge,cubically,1
cellular-automata,string,2
string,whitespace,22
decision-problem,geometry,9
graphical-output,simulation,2
polynomials,string,2
code-golf,set-partitions,41
cipher,code-golf,21
code-challenge,image-processing,16
chess,string,2
color,geometry,1
color,popularity-contest,2
starry,tips,1
hashing,logic-gates,1
fastest-code,permutations,3
kolmogorov-complexity,restricted-time,1
factorial,string,1
fastest-code,number,13
puzzle-solver,rational-numbers,1
date,pi,3
atomic-code-golf,code-generation,1
generation,grid,2
busy-beaver,quine,3
c++,function,1
interpreter,lambda-calculus,1
number,parsing,8
set-theory,source-layout,1
code-challenge,coding-theory,1
compression,python,1
code-golf,tetris,10
python,tips,34
date,roman-numerals,2
primes,tips,2
internet,parsing,8
balanced-string,string,36
quine,underhanded,1
card-games,combinatorics,5
number,restricted-time,3
fewest-operations,number-theory,2
atomic-code-golf,optimization,3
hashing,string,3
binary,number,26
graphical-output,logic-gates,1
expression-building,puzzle-solver,1
game,json,1
fastest-code,restricted-source,3
base-conversion,sorting,1
date,printable-ascii,1
alphabet,decision-problem,2
game,go,3
encryption,networking,1
generation,natural-language,2
code-golf,obfuscation,12
code-challenge,math,53
popularity-contest,underhanded,46
number,self-referential,1
c#,code-golf,12
code-golf,matl,1
division,math,11
keyboard,puzzle-solver,1
puzzle-solver,string,2
busy-beaver,machine-code,1
game-of-life,popularity-contest,2
1p5,ascii-art,1
atomic-code-golf,cellular-automata,1
number,random,21
pangram,restricted-source,3
alphabet,sorting,1
polyomino,sequence,1
challenge-writing,random,1
card-games,math,2
random,repl,1
code-challenge,optimized-output,6
cops-and-robbers,popularity-contest,6
apl,unicode,1
ai-player,sliding-puzzle,2
assembly,tips,4
internet,search,1
obfuscation,primes,2
array-manipulation,typography,1
number,search,1
c,programming-puzzle,2
apl,programming-puzzle,1
decision-problem,substitution,1
rosetta-stone,source-layout,2
mathematics,sequence,1
division,rational-numbers,1
base-conversion,interactive,1
git,networking,1
apl,random,1
binary,code-challenge,3
graphical-output,packing,1
kolmogorov-complexity,metagolf,7
grammars,popularity-contest,1
fastest-code,primes,9
popularity-contest,rosetta-stone,1
array-manipulation,parsing,1
assembly,king-of-the-hill,1
interpreter,logic-gates,1
decision-problem,game-of-life,1
image-processing,path-finding,2
image-processing,steganography,2
kolmogorov-complexity,parsing,1
browser,code-golf,5
math,pi,16
cryptography,polynomials,2
fastest-code,sudoku,1
atomic-code-golf,restricted-source,5
division,integer,6
code-golf,keyboard,36
data-structures,generation,2
fastest-code,optimization,4
c#,restricted-source,2
code-golf,minesweeper,10
code-golf,trigonometry,26
popularity-contest,statistics,1
number,set-partitions,5
base-conversion,primes,6
compiler,hq9+,1
linear-algebra,number-theory,1
hexadecimal,restricted-source,1
atomic-code-golf,date,1
busy-beaver,cellular-automata,1
game-of-life,sequence,1
alphabet,string,25
kolmogorov-complexity,physics,1
array-manipulation,text-processing,1
abstract-algebra,proof-golf,1
ascii-art,path-finding,10
quine,string,11
fractal,interpreter,1
alphabet,number,4
array-manipulation,statistics,1
code-challenge,radiation-hardening,7
code-golf,ruby,5
bitwise,hashing,1
sequence,set-partitions,3
path-finding,search,1
fractal,string,3
chess,grid,4
complex-numbers,matrix,3
atomic-code-golf,whitespace,1
pi,restricted-source,3
ascii-art,matrix,5
date,number,9
programming-puzzle,restricted-source,3
brain-flak,quine,1
code-challenge,cops-and-robbers,12
programming-puzzle,swift,1
quine,regular-expression,2
path-finding,stack,1
balanced-string,source-layout,1
random,rubiks-cube,1
approximation,primes,1
metagolf,regular-expression,2
maze,popularity-contest,1
error-message,kolmogorov-complexity,1
fibonacci,graphical-output,1
code-golf,r,2
number-theory,restricted-complexity,3
busy-beaver,functional-programming,1
calculus,probability-theory,1
code-challenge,hello-world,8
printable-ascii,rosetta-stone,1
code-challenge,polynomials,1
golfscript,tips,6
metagolf,search,1
counting,string,22
s.i.l.o.s,tips,1
code-golf,j,1
crossword,grid,2
expression-building,test-battery,1
string,typography,6
hexadecimal,math,2
c,code-generation,2
ai-player,go,1
combinatorics,polynomials,1
code-challenge,natural-language,9
logic,number,2
graphical-output,probability-theory,1
integer,roman-numerals,1
3d,rubiks-cube,1
number,optimization,7
board-game,scrabble,2
calculus,primes,1
error-correction,string,2
crossword,printable-ascii,2
code-challenge,genetic-algorithms,1
cops-and-robbers,repeated-transformation,2
math,underhanded,5
compression,music,1
decision-problem,syntax,3
compression,image-processing,5
compression,grammars,1
fibonacci,random,1
counting,rational-numbers,2
matlab,octave,1
language-design,restricted-source,1
file-system,integer,1
popularity-contest,simulation,2
binary,kolmogorov-complexity,3
arithmetic,haskell,1
tips,vba,1
data-structures,matrix,1
code-golf,statistics,20
crossword,string,4
fastest-code,tips,1
keyboard,optimization,1
ascii-art,math,29
fastest-code,search,2
c#,programming-puzzle,10
arithmetic,morse,1
polyglot,whitespace-language,1
hexagonal-grid,puzzle-solver,3
classification,integer,1
compression,number,2
integer-partitions,palindrome,1
befunge,programming-puzzle,1
hexagonal-grid,path-finding,3
language-design,quine,1
grid,printable-ascii,3
javascript,lambda-calculus,1
restricted-complexity,subsequence,1
golf-cpu,number,1
clock,date,1
math,polynomials,29
cops-and-robbers,quine,4
natural-language,restricted-source,1
hello-world,underhanded,1
ai-player,puzzle-solver,1
code-golf,machine-code,6
grid,number-theory,2
c,tips,5
physics,sorting,1
palindrome,permutations,3
code-golf,probability-theory,44
optimization,sorting,4
rubiks-cube,string,3
palindrome,source-layout,1
code-golf,julia-lang,1
array-manipulation,stack,1
code-challenge,number-theory,8
ascii-art,polynomials,1
decision-problem,dominoes,1
code-generation,quine,19
simulation,string,2
sorting,string,29
cops-and-robbers,matrix,2
binary,binary-tree,1
cryptography,programming-puzzle,1
string,substitution,6
kolmogorov-complexity,new-years,2
hello-world,math,1
binary-tree,sorting,1
integer,natural-language,3
image-processing,popularity-contest,25
complex-numbers,parsing,1
grid,tiling,5
game,puzzle-solver,5
javascript,restricted-source,8
parsing,stateful,1
ascii-art,unicode,4
ascii-art,integer-partitions,1
file-system,fractal,1
kolmogorov-complexity,whitespace,1
brainfuck,code-generation,8
compression,game,2
code-golf,unicode,43
factoring,number,6
binary,probability-theory,1
cops-and-robbers,obfuscation,12
code-golf,regular-expression,55
graphical-output,new-years,1
hello-world,rosetta-stone,1
code-golf,logic-gates,11
regular-expression,rosetta-stone,1
kolmogorov-complexity,popularity-contest,2
chess,random,1
coding-theory,sequence,2
cops-and-robbers,number,8
apl,expression-building,1
chess,obfuscation,1
grammars,string,3
packing,search,1
binary-matrix,chess,1
geometry,rubiks-cube,2
self-referential,string,1
arithmetic,color,1
set-partitions,tips,1
binary,bitwise,10
calculus,interpreter,1
cellular-automata,logic-gates,1
generation,sequence,1
array-manipulation,hexadecimal,1
assembly,graphical-output,1
board-game,fastest-code,3
code-challenge,scrabble,2
geometry,grid,26
integer-partitions,sorting,1
clock,integer,1
abstract-algebra,code-golf,43
regular-expression,syntax,1
markov-chain,word-puzzle,1
tips,whitespace-language,1
abstract-algebra,array-manipulation,1
binary-matrix,graph-theory,2
code-golf,scrabble,3
radiation-hardening,string,1
integer,primes,14
arithmetic,integer,41
brain-flak,fastest-code,1
code-challenge,quine,28
math,proof-golf,2
restricted-source,sorting,3
abstract-algebra,base-conversion,1
optimization,tetris,1
decision-problem,permutations,4
assembly,brainfuck,1
code-golf,lua,4
javascript,number,1
code-golf,tips,222
optimization,search,1
fibonacci,restricted-time,1
cryptography,palindrome,1
ast-golf,string,1
puzzle-solver,restricted-time,2
conversion,electrical-engineering,1
ascii-art,classification,4
code-golf,decision-problem,366
natural-language,popularity-contest,4
search,word,1
atomic-code-golf,functional-programming,1
decision-problem,linear-algebra,2
factoring,fewest-operations,1
popularity-contest,python,4
combinatorics,factoring,1
code-golf,pattern-matching,3
chess,puzzle-solver,3
graphical-output,tic-tac-toe,1
decision-problem,stateful,1
combinatorics,set-partitions,12
cops-and-robbers,whitespace,2
arithmetic,unicode,1
music,quine,1
data-structures,date,1
fastest-code,manufactoria,1
generation,optimization,1
decision-problem,fibonacci,3
hardware,keyboard,2
binary-matrix,game-of-life,1
code-bowling,radiation-hardening,2
pi,underhanded,2
decision-problem,halting-problem,2
balanced-string,recursion,1
hashing,restricted-source,3
scrabble,string,2
polyglot,puzzle-solver,1
approximation,calculus,1
popularity-contest,source-layout,4
date,internet,1
calculus,function,1
probability-theory,simulation,1
fastest-code,hexagonal-grid,1
code-generation,logic,1
alphabet,math,2
rational-numbers,restricted-time,1
optimization,string,2
fibonacci,integer-partitions,2
code-challenge,obfuscation,7
game,king-of-the-hill,22
graphical-output,integer,1
abstract-algebra,card-games,1
complex-numbers,number,2
graph-theory,popularity-contest,2
code-challenge,unicode,4
combinatorics,fewest-operations,1
code-bowling,pristine-programming,1
binary-matrix,sequence,1
file-system,parsing,1
quine,search,1
code-golf,restricted-complexity,37
conversion,logic-gates,1
classification,regular-expression,1
sequence,sorting,8
code-golf,swift,1
color,string,5
befunge,prelude,1
optimization,pi,1
code-generation,pyth,1
ascii-art,number-theory,3
audio,classification,2
bitwise,floating-point,1
game-of-life,math,1
date,palindrome,2
printable-ascii,sliding-puzzle,1
ast-golf,code-challenge,1
classification,graph-theory,2
conversion,syntax,1
king-of-the-hill,random,1
data-structures,graphical-output,1
code-challenge,rational-numbers,3
arithmetic,random,2
code-golf,optimized-output,9
ascii-art,hello-world,3
sorting,test-battery,1
matrix,sudoku,1
generation,grammars,1
c++,statistics,1
game,sliding-puzzle,3
error-correction,sequence,1
chemistry,decision-problem,1
expression-building,sequence,1
python,ruby,1
graphical-output,linear-algebra,1
functional-programming,haskell,4
audio,new-years,1
code-challenge,word-search,3
number,polynomials,5
burlesque,tips,1
binary,brainfuck,2
card-games,code-golf,49
array-manipulation,integer,27
decision-problem,number-theory,28
number,roman-numerals,1
code-generation,logic-gates,1
arithmetic,primes,9
binary-matrix,math,4
new-years,radiation-hardening,1
generation,regular-expression,1
code-golf,rational-numbers,56
integer,pi,1
decision-problem,image-processing,1
code-bowling,function,1
binary,primes,6
generation,integer,2
counting,generation,1
game,path-finding,7
befunge,stack,3
fractal,source-layout,1
code-golf,linear-algebra,33
complex-numbers,primes,2
number,trigonometry,1
array-manipulation,random,14
compiler,string,1
assembly,quine,1
boggle,sequence,1
board-game,king-of-the-hill,7
polyglot,tips,1
regular-expression,tips,1
grid,maze,8
code-challenge,date,2
array-manipulation,subsequence,7
arithmetic,optimized-output,1
code-challenge,machine-code,1
cops-and-robbers,string,6
board-game,decision-problem,4
generation,random,11
fastest-code,restricted-time,1
abstract-algebra,linear-algebra,2
restricted-source,sequence,10
code-golf,parsing,153
decode,string,3
klein,polyglot,1
matrix,regular-expression,2
code-golf,css,5
random,restricted-source,2
arithmetic,subsequence,3
code-golf,metagolf,11
hashing,radiation-hardening,1
bash,python,1
obfuscation,underhanded,2
number,source-layout,6
audio,primes,1
answer-chaining,regular-expression,1
code-golf,floating-point,15
factoring,palindrome,1
audio,pi,1
cops-and-robbers,decision-problem,3
code-golf,hexagonal-grid,44
code-challenge,sliding-puzzle,3
decision-problem,tree-traversal,1
box-256,graphical-output,1
kolmogorov-complexity,state-abbreviation,1
assembly,c,1
generation,string,4
markov-chain,music,1
alphabet,kolmogorov-complexity,21
code-challenge,combinatorics,14
halting-problem,hexagonal-grid,1
classification,keyboard,1
cellular-automata,game,3
math,new-years,1
grid,path-finding,23
king-of-the-hill,popularity-contest,1
fastest-code,subsequence,1
audio,decision-problem,1
fastest-code,math,35
bitwise,checksum,1
ascii-art,code-generation,1
data-structures,stack,2
balanced-string,binary,1
binary-tree,rational-numbers,1
puzzle-solver,set-partitions,1
code-golf,equation,5
code-golf,sed,1
integer,kolmogorov-complexity,5
keyboard,random,1
repeated-transformation,string,1
search,sequence,1
algorithm,code-challenge,2
code-challenge,r,1
graphical-output,image-processing,50
fastest-code,game-of-life,1
board-game,kolmogorov-complexity,5
code-golf,f#,1
data-structures,repeated-transformation,1
number-theory,string,2
array-manipulation,generation,2
c,code-challenge,8
code-golf,roman-numerals,18
combinatorics,python,1
factoring,sequence,2
fractal,number-theory,1
code-golf,graphical-output,214
graphical-output,sorting,1
audio,music,9
game,javascript,8
restricted-source,self-referential,2
image-processing,internet,1
combinatorics,restricted-time,1
answer-chaining,quine,2
conversion,sorting,1
code-trolling,popularity-contest,10
binary,tiling,1
functional-programming,lambda-calculus,1
equation,math,1
code-challenge,python,5
ascii-art,physics,8
j,tips,1
answer-chaining,popularity-contest,2
animation,string,13
ascii-art,set-partitions,1
array-manipulation,game,4
error-correction,popularity-contest,1
r,tips,1
math,rosetta-stone,2
king-of-the-hill,statistics,1
code-challenge,restricted-time,3
balanced-string,code-golf,68
combinatorics,integer-partitions,12
brainfuck,math,1
image-processing,optimization,1
algorithm,fastest-code,1
compression,math,2
json,string,2
cryptography,kolmogorov-complexity,1
number,string,69
classification,number-theory,1
math,music,1
polyglot,popularity-contest,9
linear-algebra,permutations,1
function,sequence,2
alphabet,interactive,1
string,word-puzzle,2
factorial,pi,1
animation,random,7
image-processing,tiling,1
algorithm,optimized-output,1
math,regular-expression,2
optimized-output,test-battery,1
grid,number,10
algorithm,fastest-algorithm,1
browser,graphical-output,1
conversion,parsing,6
kolmogorov-complexity,ruby,1
combinatorics,tiling,6
card-games,restricted-complexity,1
apl,string,2
c,string,3
answer-chaining,test-battery,1
atomic-code-golf,sequence,1
error-message,quine,3
approximation,string,1
array-manipulation,bitwise,4
base-conversion,math,24
number,simulation,2
graph-theory,tree-traversal,2
chess,popularity-contest,3
code-challenge,rubiks-cube,2
arithmetic,minesweeper,1
array-manipulation,math,49
decision-problem,hexagonal-grid,3
parsing,stack-exchange-api,1
counting,recursion,2
kolmogorov-complexity,recursion,1
path-finding,sequence,2
graphical-output,popularity-contest,56
classification,decision-problem,6
expression-building,restricted-source,2
cops-and-robbers,permutations,10
linear-algebra,number,2
conversion,regular-expression,1
permutations,set-theory,1
board-game,chess,4
interpreter,quine,2
assembly,popularity-contest,1
ascii-art,brainfuck,2
code-challenge,javascript,12
hashing,morse,2
math,parsing,9
abstract-algebra,decision-problem,3
algorithm,javascript,1
fastest-code,probability-theory,2
function,tips,2
subsequence,word-search,1
parsing,set-theory,1
function,number,5
classification,string,13
code-bowling,rational-numbers,1
conversion,string,12
polynomials,sequence,4
code-golf,knot-theory,5
sequence,text-processing,1
clock,number,1
grammars,kolmogorov-complexity,1
array-manipulation,data-structures,6
octave,tips,3
recursion,sequence,4
binary,puzzle-solver,1
code-golf,whitespace,30
logic,natural-language,2
c++,fastest-code,1
code-golf,mathematics,1
calculus,complex-numbers,1
counting,kolmogorov-complexity,1
graphical-output,hardware,1
pi,rational-numbers,1
linear-algebra,polynomials,3
compression,fastest-code,1
logic-gates,metagolf,1
code-challenge,pi,2
ascii-art,balanced-string,3
binary-matrix,cellular-automata,1
division,palindrome,1
binary,code-generation,1
fewest-operations,permutations,1
basic,tips,8
ascii-art,trigonometry,1
combinatorics,popularity-contest,2
ascii-art,generation,4
ai-player,test-battery,1
code-golf,git,2
code-challenge,function,1
bitwise,fibonacci,1
chess,image-processing,1
code-golf,restricted-memory,2
binary-matrix,combinatorics,1
array-manipulation,logic,4
division,popularity-contest,1
game,math,6
natural-language,number,4
alphabet,cipher,2
atomic-code-golf,game,2
1p5,math,1
befunge,metagolf,1
decision-problem,game,11
halting-problem,popularity-contest,1
geometry,random,4
geometry,tiling,6
hello-world,unicode,1
fastest-code,integer,5
cellular-automata,graphical-output,2
code-golf,markov-chain,6
ascii-art,parsing,12
game-of-life,graphical-output,4
music,obfuscation,1
game-of-life,parsing,2
crossword,fastest-algorithm,1
cops-and-robbers,crossword,2
optimization,path-finding,3
abstract-algebra,primes,2
cops-and-robbers,language-design,3
math,path-finding,2
binary,number-theory,6
random,unicode,1
combinatorics,geometry,6
function,primes,1
animation,popularity-contest,5
python,tree-traversal,1
code-golf,vba,1
code-challenge,tetris,4
encryption,string,3
optimized-output,parsing,1
cellular-automata,matrix,1
pi,random,4
math,restricted-time,7
number,restricted-source,17
integer,number,74
fewest-operations,image-processing,1
king-of-the-hill,python,14
expression-building,new-years,1
abstract-algebra,fibonacci,1
arithmetic,combinatorics,10
decision-problem,word-puzzle,1
complex-numbers,physics,1
chess,hexagonal-grid,1
interpreter,python,1
game,integer,2
c,python,1
rational-numbers,string,1
fractal,kolmogorov-complexity,7
code-golf,functional-programming,14
board-game,popularity-contest,1
code-golf,hashing,18
matl,tips,1
balanced-string,code-challenge,2
code-challenge,stack-exchange-api,2
code-golf,music,54
audio,parsing,1
combinatorics,kolmogorov-complexity,2
number-theory,source-layout,2
counting,file-system,1
date,math,5
fewest-operations,string,1
java,string,2
decision-problem,optimization,1
code-challenge,counting,4
integer,number-theory,17
date,multi-threading,1
parsing,regular-expression,7
fewest-operations,primes,1
internet,test-battery,1
king-of-the-hill,tips,1
color,image-processing,4
polyglot,quine,13
popularity-contest,random,6
number,palindrome,9
code-golf,permutations,128
set-partitions,tiling,1
audio,number-theory,1
boggle,palindrome,1
matrix,number,16
animation,number,1
answer-chaining,kolmogorov-complexity,1
hardware,random,1
fastest-code,trigonometry,1
ascii-art,statistics,1
number,regular-expression,1
array-manipulation,code-challenge,12
code-golf,vim,5
conversion,whitespace,3
metagolf,python,1
base-conversion,encode,2
hello-world,source-layout,6
c,restricted-source,2
function,popularity-contest,3
apl,restricted-source,1
go,king-of-the-hill,1
ascii-art,rubiks-cube,1
balanced-string,permutations,2
atomic-code-golf,base-conversion,1
code-challenge,rosetta-stone,12
geometry,javascript,1
browser,popularity-contest,2
puzzle-solver,test-battery,3
hashing,quine,1
popularity-contest,string,6
hashing,new-years,1
c,math,3
number-theory,restricted-memory,1
decision-problem,word-search,1
klein,topology,1
arithmetic,parsing,8
classification,image-processing,1
grid,kolmogorov-complexity,4
chess,kolmogorov-complexity,3
abstract-algebra,permutations,3
game,game-of-life,3
atomic-code-golf,programming-puzzle,1
go,graph-theory,1
ascii-art,card-games,4
game,tetris,3
number,sequence,187
decision-problem,restricted-source,15
geometry,integer,5
number-theory,path-finding,2
data-structures,haskell,1
chess,classification,1
internet,sequence,2
c,number,1
answer-chaining,sequence,3
kolmogorov-complexity,trigonometry,2
brain-flak,classification,1
alphabet,arithmetic,1
brainfuck,metagolf,8
java,parsing,2
quine,sorting,1
code-golf,text-processing,9
grammars,repeated-transformation,2
keyboard,quine,1
array-manipulation,balanced-string,2
answer-chaining,random,1
ast-golf,python,1
brainfuck,parsing,1
optimization,python,4
parsing,sequence,4
code-golf,hexadecimal,26
compression,tips,2
apl,sequence,1
geometry,image-processing,6
printable-ascii,quine,2
grid,language-design,1
keyboard,restricted-source,1
programming-puzzle,python,3
parsing,sorting,1
json,tips,1
boggle,game,1
factoring,matrix,1
conversion,music,2
c,optimization,1
string,time,1
fastest-code,fibonacci,1
classification,tic-tac-toe,1
code-challenge,metagolf,6
combinatorics,logic-gates,1
geometry,restricted-time,2
conversion,number,9
kolmogorov-complexity,logic-gates,1
function,roman-numerals,1
cops-and-robbers,encryption,1
counting,statistics,1
bitwise,combinatorics,1
geometry,math,77
code-golf,radiation-hardening,9
number-theory,rational-numbers,2
balanced-string,code-generation,1
code-challenge,comment,1
code-golf,sliding-puzzle,10
number,word,1
math,set-theory,9
code-golf,simulation,35
ascii-art,compression,3
algorithm,sudoku,1
language-design,popularity-contest,6
string,tiling,1
graphical-output,roman-numerals,1
linear-algebra,parsing,1
kolmogorov-complexity,obfuscation,1
integer,random,5
arithmetic,binary,7
answer-chaining,cops-and-robbers,1
board-game,sudoku,1
befunge,interpreter,1
cops-and-robbers,grammars,2
fibonacci,kolmogorov-complexity,5
kolmogorov-complexity,natural-language,7
atomic-code-golf,matrix,1
math,source-layout,3
palindrome,primes,4
hexagonal-grid,java,2
sorting,word,2
number,printable-ascii,4
hashing,search,1
atomic-code-golf,metagolf,2
binary,function,1
arithmetic,graph-theory,1
logic-gates,permutations,1
kolmogorov-complexity,radiation-hardening,1
code-golf,string,1447
graph-theory,path-finding,14
java,king-of-the-hill,24
factorial,number,3
balanced-string,combinatorics,4
binary-tree,math,1
generation,maze,1
busy-beaver,popularity-contest,1
board-game,grid,4
alphabet,random,1
arithmetic,division,8
ascii-art,atomic-code-golf,1
brain-flak,test-battery,1
natural-language,regular-expression,1
binary,palindrome,2
code-golf,compression,36
c,parsing,4
array-manipulation,ascii-art,1
language-design,test-battery,1
code-golf,genetic-algorithms,1
popularity-contest,sorting,5
metagolf,optimized-output,1
logic,logic-gates,4
array-manipulation,binary-matrix,5
rosetta-stone,sorting,1
code-generation,interpreter,1
integer,polyglot,1
ascii-art,tiling,13
binary,restricted-time,1
decision-problem,random,2
popularity-contest,primes,1
kolmogorov-complexity,networking,1
metagolf,number,3
algorithm,code-golf,8
integer,rational-numbers,1
sorting,statistics,1
probability-theory,random,9
cryptography,decision-problem,1
binary-matrix,matrix,6
popularity-contest,regular-expression,4
classification,kolmogorov-complexity,1
counting,source-layout,1
math,trigonometry,16
code-golf,haskell,10
code-challenge,polyomino,1
calculus,sequence,2
arithmetic,c++,1
interpreter,javascript,1
code-golf,crossword,10
classification,random,3
boggle,polyglot,1
functional-programming,math,4
parsing,subsequence,1
audio,code-challenge,1
bioinformatics,palindrome,1
ascii-art,lambda-calculus,1
checksum,math,2
3d,king-of-the-hill,1
sequence,tic-tac-toe,2
binary-tree,combinatorics,1
ascii-art,popularity-contest,23
integer,music,1
hexadecimal,string,8
hello-world,palindrome,1
javascript,programming-puzzle,1
bitwise,sorting,3
rational-numbers,recursion,1
internet,random,3
hexagonal-grid,number,1
image-processing,matrix,1
base-conversion,word-puzzle,1
polyglot,python,1
rational-numbers,sequence,5
cops-and-robbers,hashing,2
packing,tetris,2
generation,restricted-source,1
encode,networking,1
generation,rubiks-cube,1
burlesque,code-golf,1
graphical-output,recursion,3
atomic-code-golf,generation,1
counting,word-puzzle,1
halting-problem,quine,1
code-challenge,internet,1
graphical-output,interpreter,1
ascii-art,comment,1
clock,string,1
java,whitespace,1
metagolf,source-layout,1
browser,string,1
arithmetic,atomic-code-golf,6
path-finding,permutations,3
kolmogorov-complexity,morse,2
answer-chaining,obfuscation,1
boggle,decision-problem,2
king-of-the-hill,number,1
random,string,42
geometry,number-theory,2
arithmetic,game,8
busy-beaver,x86-family,1
number-theory,search,1
file-system,hello-world,2
dominoes,game,1
binary-matrix,linear-algebra,2
concurrency,graph-theory,1
base-conversion,compression,2
complex-numbers,electrical-engineering,1
markov-chain,probability-theory,1
card-games,kolmogorov-complexity,3
pi,popularity-contest,4
logic,restricted-complexity,1
combinatorics,set-theory,3
expression-building,number-theory,1
binary,integer,10
number-theory,random,1
counting,crossword,1
ascii-art,game-of-life,1
combinatorics,game,5
sliding-puzzle,source-layout,1
number,statistics,1
markov-chain,random,1
code-golf,powershell,3
code-golf,path-finding,77
chess,math,1
animation,matrix,1
hexagonal-grid,math,1
compression,decode,2
code-challenge,whitespace,1
logic,metagolf,1
combinatorics,polyomino,2
game,minesweeper,6
random,sudoku,2
graphical-output,quine,2
restricted-complexity,set-theory,1
restricted-source,rosetta-stone,1
natural-language,random,1
c,c++,15
arithmetic,bitwise,3
atomic-code-golf,hashing,1
geometry,number,8
puzzle-solver,tetris,1
matrix,probability-theory,1
calculus,code-challenge,1
code-golf,hq9+,2
division,fastest-code,1
classification,code-challenge,9
hexagonal-grid,king-of-the-hill,2
atomic-code-golf,morse,1
restricted-time,sequence,1
typography,whitespace,1
number-theory,permutations,4
cellular-automata,code-challenge,3
combinatorics,restricted-source,1
atomic-code-golf,linear-algebra,1
ai-player,c++,1
rational-numbers,test-battery,1
code-golf,interactive,12
functional-programming,javascript,1
the-powder-toy,tips,1
base-conversion,date,1
sequence,string,24
ascii-art,logic-gates,3
printable-ascii,puzzle-solver,1
code-challenge,music,1
factoring,integer,3
conversion,unicode,5
base-conversion,number,40
fractal,knot-theory,1
code-golf,lambda-calculus,6
approximation,rational-numbers,1
code-challenge,restricted-source,48
binary-matrix,bitwise,1
css,javascript,1
ascii-art,stack,1
code-golf,golfing-language,1
algorithm,ascii-art,1
binary,regular-expression,2
counting,decision-problem,1
counting,sorting,1
function,hashing,1
binary,conversion,3
electrical-engineering,physics,2
hashing,number,1
code-golf,physics,28
code-golf,file-system,43
ascii-art,conversion,3
language-design,string,1
ascii-art,game,7
integer,parsing,1
cubically,rubiks-cube,3
code-golf,repeated-transformation,11
obfuscation,regular-expression,2
code-golf,manufactoria,4
arithmetic,syntax,1
chess,number,3
code-golf,stack-exchange-api,31
language-design,python,1
game,stack,4
date,geometry,1
base-conversion,conversion,2
code-generation,parsing,1
decision-problem,natural-language,4
game,popularity-contest,4
code-golf,underload,1
c,division,1
palindrome,python,2
c++,string,1
file-system,tree-traversal,1
animation,trigonometry,2
code-golf,repl,1
arithmetic,linear-algebra,2
abstract-algebra,binary-matrix,1
combinatorics,rational-numbers,1
code-golf,fastest-algorithm,6
logic,pyth,1
generation,subsequence,1
base-conversion,color,1
popularity-contest,stateful,1
combinatorics,subsequence,3
cipher,primes,1
abstract-algebra,ascii-art,2
popularity-contest,restricted-complexity,1
code-golf,recursion,24
random,sequence,4
grid,minesweeper,4
cjam,golfscript,1
metagolf,string,2
fractal,recursion,2
brain-flak,metagolf,3
string,syntax,10
cards,decision-problem,1
kolmogorov-complexity,perl,1
coding-theory,error-correction,2
geometry,graph-theory,3
matrix,simulation,1
interpreter,string,3
restricted-complexity,sorting,4
code-challenge,matrix,2
code-golf,electrical-engineering,11
ai-player,king-of-the-hill,8
multiple-holes,string,6
fastest-algorithm,logic-gates,1
conversion,hexadecimal,3
array-manipulation,restricted-complexity,6
music,parsing,1
decision-problem,math,44
fibonacci,integer,2
binary,string,14
arithmetic,compression,1
primes,quine,2
functional-programming,recursion,1
kolmogorov-complexity,random,3
decision-problem,fractal,1
code-golf,new-years,18
answer-chaining,polyglot,5
animation,simulation,1
abstract-algebra,number-theory,4
boggle,compression,1
algorithm,permutations,1
cellular-automata,code-golf,25
quine,radiation-hardening,5
apl,ascii-art,1
morse,string,1
game,tree-traversal,1
c,popularity-contest,4
kolmogorov-complexity,search,1
factoring,fastest-code,1
array-manipulation,card-games,1
binary-matrix,tetris,1
assembly,interpreter,1
code-challenge,trigonometry,1
ascii-art,polyomino,1
image-processing,number,2
combinatorics,recursion,1
cryptography,random,4
decision-problem,rational-numbers,2
code-generation,optimization,1
compression,decision-problem,1
random,test-battery,1
brainfuck,conversion,1
quine,tips,2
ai-player,python,1
minesweeper,string,1
assembly,function,1
compression,unicode,1
c,lua,1
complex-numbers,number-theory,3
array-manipulation,linear-algebra,1
integer,restricted-source,4
ascii-art,base-conversion,7
compile-time,kolmogorov-complexity,1
ai-player,statistics,1
conversion,kolmogorov-complexity,1
factoring,linear-algebra,1
conversion,file-system,1
fastest-algorithm,path-finding,1
path-finding,trigonometry,1
polynomials,rational-numbers,2
error-message,popularity-contest,1
graphical-output,kolmogorov-complexity,33
cellular-automata,fastest-code,2
floating-point,pi,1
metagolf,starry,1
array-manipulation,cubically,1
fastest-algorithm,primes,1
code-bowling,source-layout,2
math,matrix,46
networking,quine,1
c,c#,1
c,code-golf,33
data-structures,geometry,1
generation,metagolf,1
code-challenge,parsing,5
graphical-output,matlab,1
ascii-art,code-golf,939
cryptography,string,11
grid,javascript,5
metagolf,radiation-hardening,1
hexadecimal,primes,1
ascii-art,hexagonal-grid,20
integer,sorting,5
math,syntax,1
cops-and-robbers,rational-numbers,1
code-generation,stack,1
array-manipulation,function,1
algorithm,date,1
animation,hello-world,1
bitwise,code-generation,1
binary-matrix,classification,1
code-challenge,code-golf,15
grid,puzzle-solver,11
cjam,tips,4
division,programming-puzzle,1
code-golf,expression-building,21
arithmetic,geometry,8
answer-chaining,math,4
code-golf,tic-tac-toe,17
c,primes,2
fastest-code,sequence,12
restricted-complexity,string,4
pi,primes,1
math,restricted-complexity,7
random,sorting,4
base-conversion,permutations,1
decision-problem,polyglot,1
javascript,king-of-the-hill,11
balanced-string,fastest-code,1
assembly,x86-family,1
approximation,fibonacci,1
markov-chain,quine,1
arithmetic,fewest-operations,1
array-manipulation,number,60
sequence,source-layout,1
code-golf,encryption,10
balanced-string,parsing,3
alphabet,polyglot,1
golfing-language,language-design,1
golfscript,math,1
linear-algebra,trigonometry,1
game,maze,2
array-manipulation,natural-language,1
ascii-art,grid,40
restricted-complexity,sequence,2
encryption,random,1
approximation,number-theory,1
algorithm,tips,1
code-challenge,morse,1
kolmogorov-complexity,printable-ascii,2
code-golf,optical-char-recognition,2
chemistry,counting,1
answer-chaining,fibonacci,1
code-golf,whitespace-language,2
array-manipulation,syntax,1
code-golf,math,1104
data-structures,substitution,1
restricted-time,rubiks-cube,2
atomic-code-golf,conversion,1
division,factoring,1
puzzle-solver,restricted-complexity,1
java,tips,4
javascript,source-layout,1
arithmetic,base-conversion,12
binary-tree,code-golf,17
fastest-code,palindrome,1
ascii-art,whitespace,2
assembly,atomic-code-golf,2
encoding,permutations,1
maze,polyglot,1
fastest-code,random,3
geometry,puzzle-solver,2
date,number-theory,1
cellular-automata,sequence,2
fractal,rational-numbers,2
code-golf,self-referential,10
popularity-contest,radiation-hardening,1
integer,probability-theory,2
code-golf,malbolge,1
clock,kolmogorov-complexity,1
ascii-art,interactive,2
fastest-code,floating-point,1
decision-problem,radiation-hardening,1
conversion,matrix,2
brainfuck,machine-code,1
code-golf,networking,15
game,simulation,1
combinatorics,dominoes,1
parsing,transformation,1
calculus,polynomials,2
hello-world,vim,1
algorithm,math,3
array-manipulation,source-layout,2
animation,r,1
code-bowling,restricted-source,5
metagolf,test-battery,3
code-challenge,probability-theory,4
code-challenge,graph-theory,10
encryption,kolmogorov-complexity,1
natural-language,pangram,1
kolmogorov-complexity,math,13
number-theory,palindrome,3
game-of-life,geometry,1
counting,manufactoria,1
printable-ascii,simulation,1
checksum,decision-problem,1
abstract-algebra,restricted-time,3
cjam,code-golf,3
string,tree-traversal,1
sequence,set-theory,1
array-manipulation,physics,2
calculus,string,5
array-manipulation,primes,3
balanced-string,brainfuck,3
restricted-source,whitespace,1
combinatorics,probability-theory,4
conversion,natural-language,4
hashing,obfuscation,1
parsing,popularity-contest,5
kolmogorov-complexity,optimized-output,1
math,metagolf,3
code-generation,graphical-output,1
graphical-output,set-theory,1
classification,statistics,1
array-manipulation,maze,2
stack,string,1
base-conversion,roman-numerals,2
multiple-holes,physics,1
code-challenge,language-design,1
abstract-algebra,sequence,2
code-golf,optimization,39
concurrency,popularity-contest,2
c,quine,1
php,tips,4
number,permutations,13
answer-chaining,string,2
ai-player,code-challenge,9
new-years,number,2
css,programming-puzzle,1
busy-beaver,code-shuffleboard,1
brain-flak,kolmogorov-complexity,1
hello-world,python,1
basic,code-golf,8
mathematics,optimization,1
puzzle-solver,sliding-puzzle,2
hexagonal-grid,kolmogorov-complexity,6
geometry,permutations,2
code-golf,primes,222
encode,restricted-time,1
code-golf,error-message,4
ascii-art,binary-tree,4
puzzle-solver,rubiks-cube,4
decision-problem,set-partitions,2
printable-ascii,sequence,1
repeated-transformation,sequence,1
parsing,rational-numbers,3
classification,grid,1
binary,counting,2
code-bowling,pangram,3
bioinformatics,chemistry,1
array-manipulation,sudoku,1
fastest-algorithm,word-puzzle,1
fractal,math,5
multiple-holes,python,1
quine,stack-exchange-api,1
sequence,simulation,1
code-golf,polynomials,41
classification,test-battery,8
binary,quine,1
classification,matrix,2
chemistry,kolmogorov-complexity,8
number-theory,underhanded,1
fewest-operations,number,1
bitwise,sequence,2
number,pi,3
balanced-string,decision-problem,8
bash,file-system,1
knot-theory,topology,1
c++,king-of-the-hill,3
binary-matrix,unicode,2
answer-chaining,python,1
compression,sudoku,1
pristine-programming,quine,1
code-challenge,word,3
file-system,source-layout,1
fibonacci,hello-world,1
code-golf,dominoes,8
array-manipulation,golfscript,1
code-golf,restricted-source,167
audio,random,1
chess,code-golf,65
arithmetic,balanced-string,3
grid,interpreter,2
palindrome,subsequence,2
coding-theory,string,1
bash,string,1
kolmogorov-complexity,polyglot,2
matrix,tiling,1
balanced-string,whitespace,5
code-golf,steganography,3
code-golf,random,219
probability-theory,rational-numbers,3
number-theory,puzzle-solver,1
optimization,puzzle-solver,2
code-challenge,code-trolling,1
code-challenge,factorial,1
balanced-string,classification,1
combinatorics,concurrency,1
code-challenge,permutations,10
counting,integer-partitions,1
factoring,golf-cpu,1
color,hexadecimal,2
code-golf,sorting,134
permutations,restricted-time,2
decision-problem,topology,2
code-golf,deadfish,3
board-game,game,18
conversion,date,6
encode,steganography,1
popularity-contest,sequence,3
busy-beaver,halting-problem,1
quine,sequence,4
factorial,fastest-code,1
code-generation,hq9+,1
bitwise,grid,1
ascii-art,scrabble,1
python,restricted-source,1
compression,integer,1
matrix,string,4
algorithm,kolmogorov-complexity,1
kolmogorov-complexity,unicode,7
binary,rational-numbers,1
word,word-puzzle,2
parsing,tic-tac-toe,1
hello-world,pangram,1
golfscript,popularity-contest,1
electrical-engineering,math,1
hexadecimal,kolmogorov-complexity,3
ascii-art,packing,2
ascii-art,string,154
ascii-art,optimization,3
game-of-life,source-layout,1
alphabet,code-golf,56
grid,sequence,4
hexagonal-grid,maze,1
ascii-art,multiple-holes,2
board-game,optimization,1
c++,compression,1
board-game,code-challenge,4
code-golf,typography,18
binary,tips,2
python,set-partitions,1
fastest-code,number-theory,10
code-golf,printable-ascii,41
number,quine,1
pi,sequence,3
combinatorics,polyglot,1
fastest-code,tic-tac-toe,1
game-of-life,simulation,1
fibonacci,parsing,1
code-challenge,underhanded,3
combinatorics,tree-traversal,1
alphabet,natural-language,1
counting,math,5
alphabet,parsing,1
internet,string,4
fastest-algorithm,logic,1
code-golf,matrix,155
stack,starry,1
code-challenge,printable-ascii,14
classification,hashing,1
radiation-hardening,self-referential,1
abstract-algebra,string,3
binary,path-finding,1
code-challenge,fastest-code,23
primes,restricted-complexity,1
atomic-code-golf,number-theory,2
date,stateful,1
integer,source-layout,3
code-golf,dc,1
compression,graph-theory,1
quine,subsequence,2
php,string,1
source-layout,string,18
number-theory,packing,1
code-golf,hardware,7
kolmogorov-complexity,probability-theory,1
array-manipulation,chess,1
metagolf,text-processing,1
rubiks-cube,sorting,1
classification,probability-theory,2
graphical-output,math,18
sequence,stack,4
grid,rubiks-cube,1
pyth,set-theory,1
fractal,number,3
brainfuck,tips,2
division,fibonacci,2
1p5,code-golf,2
grid,logic-gates,1
floating-point,golfscript,1
parsing,set-partitions,1
game,generation,1
graph-theory,string,3
kolmogorov-complexity,stack,1
arithmetic,popularity-contest,2
array-manipulation,polynomials,2
string,unicode,17
optimization,sudoku,1
base-conversion,restricted-source,2
compression,php,1
brainfuck,kolmogorov-complexity,4
fibonacci,quine,5
hello-world,music,1
graphical-output,knot-theory,2
compression,kolmogorov-complexity,6
compression,hexadecimal,1
array-manipulation,electrical-engineering,1
graph-theory,matrix,2
binary,binary-matrix,3
cipher,number,2
ascii-art,date,13
graphical-output,number,5
optimized-output,search,1
brainfuck,random,1
color,conversion,4
chess,simulation,1
fibonacci,matrix,1
game,string,15
browser,internet,2
javascript,string,5
befunge,optimization,1
c#,compression,1
atomic-code-golf,chemistry,1
bitwise,integer,6
function,pi,1
parsing,random,1
grid,parsing,1
approximation,pi,7
generation,graphical-output,1
graph-theory,random,1
combinatorics,grid,8
code-challenge,generation,3
array-manipulation,combinatorics,9
encode,permutations,1
equation,number,2
busy-beaver,restricted-source,3
approximation,number,1
code-golf,pristine-programming,2
brainfuck,fastest-code,1
graph-theory,search,1
math,multiple-holes,4
array-manipulation,tree-traversal,2
atomic-code-golf,decision-problem,1
fastest-code,recursion,1
path-finding,sliding-puzzle,1
comment,string,4
code-shuffleboard,hello-world,1
optimization,stack,3
chemistry,code-golf,43
game,grid,21
date,parsing,3
binary-matrix,code-challenge,5
dominoes,path-finding,1
equation,polynomials,3
chess,maze,1
number-theory,popularity-contest,3
java,minesweeper,1
counting,probability-theory,1
binary,python,1
arithmetic,set-partitions,3
code-golf,lost,1
c++,code-challenge,9
sorting,tree-traversal,1
array-manipulation,date,4
binary-tree,graphical-output,1
brainfuck,restricted-source,2
card-games,encode,1
arithmetic,number,124
code-challenge,tic-tac-toe,3
3d,decision-problem,1
chess,quine,1
clock,time,1
lisp,tips,5
busy-beaver,error-message,2
audio,code-golf,21
internet,networking,4
keyboard,parsing,1
code-golf,the-powder-toy,1
number-theory,parsing,1
printable-ascii,tetris,1
calculus,parsing,2
permutations,regular-expression,1
binary,hexadecimal,1
fastest-code,hashing,1
balanced-string,random,1
arithmetic,code-golf,418
interpreter,popularity-contest,4
compression,octave,1
roman-numerals,syntax,1
permutations,restricted-complexity,4
code-golf,python,55
function,recursion,2
hello-world,popularity-contest,13
c,random,1
card-games,probability-theory,2
optimization,tips,2
code-challenge,error-correction,1
classification,optimization,1
approximation,random,3
arithmetic,array-manipulation,30
functional-programming,number,1
code-golf,logic,17
code-generation,generation,1
boggle,string,2
cubically,parsing,1
brain-flak,string,3
lisp,parsing,1
hello-world,radiation-hardening,2
counting,permutations,2
binary,restricted-complexity,1
balanced-string,math,1
comment,parsing,2
approximation,restricted-source,1
natural-language,text-processing,1
card-games,counting,1
cops-and-robbers,hello-world,3
bioinformatics,code-golf,3
code-golf,time,3
basic,vba,1
chemistry,combinatorics,2
combinatorics,integer,1
code-golf,klein,1
permutations,quine,9
arithmetic,cellular-automata,1
obfuscation,popularity-contest,12
base-conversion,kolmogorov-complexity,1
decision-problem,simulation,3
binary-tree,fastest-algorithm,1
image-processing,math,3
3d,graphical-output,2
physics,string,3
base-conversion,encoding,1
function,kolmogorov-complexity,1
code-golf,json,9
natural-language,string,40
math,reverse-engineering,1
lost,random,1
optimized-output,palindrome,1
kolmogorov-complexity,vim,1
graph-theory,grid,14
fewest-operations,golf-cpu,5
array-manipulation,multiple-holes,2
kolmogorov-complexity,string,99
file-system,regular-expression,1
maze,path-finding,11
combinatorics,optimization,3
code-bowling,primes,2
apl,transformation,1
math,sequence,152
c++,java,3
code-golf,graph-theory,119
arithmetic,path-finding,1
animation,ascii-art,33
equation,graph-theory,1
floating-point,integer,2
brain-flak,code-challenge,2
code-golf,duct-tape-coding,1
code-challenge,packing,4
math,simulation,2
code-challenge,optimization,39
geometry,printable-ascii,1
board-game,parsing,1
balanced-string,stack,1
physics,random,2
c#,multiple-holes,1
c#,c++,1
golfscript,metagolf,1
c++,code-golf,13
graph-theory,source-layout,1
popularity-contest,syntax,1
apl,parsing,2
natural-language,word-puzzle,3
befunge,code-challenge,2
math,sorting,3
combinatorics,permutations,31
array-manipulation,puzzle-solver,2
code-challenge,error-message,7
code-golf,source-layout,78
restricted-source,underhanded,1
decision-problem,sequence,16
code-golf,cubically,3
brainfuck,compiler,2
kolmogorov-complexity,permutations,1
javascript,popularity-contest,3
game,keyboard,1
file-system,sequence,1
calculus,trigonometry,2
code-challenge,pangram,1
counting,primes,3
array-manipulation,code-golf,451
number,primes,53
bitwise,math,7
file-system,random,3
grid,popularity-contest,1
chess,tic-tac-toe,1
grid,tic-tac-toe,2
word-puzzle,word-search,1
code-bowling,cops-and-robbers,3
cops-and-robbers,math,1
cryptography,steganography,1
floating-point,math,2
generation,geometry,2
code-challenge,popularity-contest,13
linear-algebra,math,26
combinatorics,math,49
comment,popularity-contest,1
game,number,11
date,regular-expression,2
hexagonal-grid,regular-expression,1
array-manipulation,set-partitions,5
natural-language,test-battery,2
file-system,sorting,1
factoring,math,5
math,word-puzzle,1
complex-numbers,graphical-output,2
atomic-code-golf,balanced-string,1
boggle,code-golf,5
average,code-golf,1
palindrome,restricted-source,11
function,string,3
code-bowling,hello-world,2
decision-problem,restricted-complexity,2
code-golf,factorial,14
data-structures,parsing,1
cellular-automata,popularity-contest,1
bitwise,permutations,2
internet,kolmogorov-complexity,1
date,search,1
combinatorics,fibonacci,1
puzzle-solver,sudoku,4
combinatorics,programming-puzzle,1
interactive,printable-ascii,1
chess,game,1
ascii-art,simulation,5
code-challenge,steganography,1
compression,encode,2
ascii-art,fractal,25
code-golf,polyomino,2
king-of-the-hill,tic-tac-toe,2
code-golf,number,894
code-challenge,hashing,2
permutations,string,32
binary,permutations,2
pyth,tips,4
quine,source-layout,20
balanced-string,encode,1
code-challenge,vim,1
busy-beaver,fastest-code,1
generation,stack,1
counting,popularity-contest,2
approximation,math,9
code-challenge,x86-family,1
multiple-holes,sequence,1
assembly,optimized-output,1
array-manipulation,fibonacci,1
ascii-art,chemistry,4
code-generation,restricted-source,3
brainfuck,decision-problem,1
array-manipulation,jelly,2
code-golf,number-theory,307
steganography,unicode,1
bitwise,primes,1
function,set-theory,1
graphical-output,sequence,4
integer,optimization,1
arithmetic,statistics,5
fastest-code,string,5
game,java,1
factorial,logic,1
data-structures,recursion,1
date,underhanded,1
array-manipulation,matrix,39
fractal,grid,1
code-challenge,fastest-algorithm,7
code-challenge,sorting,18
code-golf,japt,1
internet,number,1
code-golf,division,35
code-golf,game-of-life,17
image-processing,packing,1
base-conversion,binary-matrix,1
combinatorics,compression,1
binary-matrix,grid,1
code-challenge,graphical-output,15
geometry,optimization,3
code-golf,encoding,2
markov-chain,string,2
matrix,number-theory,1
c#,code-challenge,3
factoring,permutations,1
kolmogorov-complexity,music,4
ascii-art,recursion,1
binary,statistics,1
popularity-contest,tetris,1
polyglot,rosetta-stone,6
kolmogorov-complexity,pangram,1
fibonacci,sequence,32
maze,random,2
apl,array-manipulation,2
code-golf,quine,164
number,packing,1
integer,statistics,2
fastest-algorithm,graph-theory,1
functional-programming,golfing-language,1
hexadecimal,number,3
deadfish,sequence,1
file-system,kolmogorov-complexity,1
card-games,number,1
code-golf,state-abbreviation,1
code-challenge,php,2
code-challenge,palindrome,8
string,transformation,1
hexagonal-grid,string,2
befunge,tips,2
conversion,data-structures,1
kolmogorov-complexity,test-battery,1
factorial,number-theory,3
ai-player,board-game,3
ascii-art,fibonacci,4
primes,radiation-hardening,1
integer,integer-partitions,2
conversion,encoding,1
image-processing,unicode,1
coding-theory,conversion,1
arithmetic,fastest-code,3
ascii-art,code-challenge,19
decode,permutations,1
base-conversion,compiler,1
optimized-output,python,1
parsing,whitespace,2
encode,underhanded,1
arithmetic,kolmogorov-complexity,8
code-golf,go,3
classification,counting,1
classification,compression,1
fastest-code,parsing,2
music,popularity-contest,6
javascript,kolmogorov-complexity,1
arithmetic,expression-building,14
metagolf,optimization,1
base-conversion,factorial,1
chemistry,conversion,1
kolmogorov-complexity,subsequence,1
interpreter,lisp,3
code-golf,hello-world,38
restricted-complexity,restricted-source,2
graph-theory,puzzle-solver,1
array-manipulation,search,1
code-challenge,halting-problem,2
code-challenge,java,3
graphical-output,repeated-transformation,1
decision-problem,physics,2
binary,coding-theory,2
interpreter,logic,1
array-manipulation,decision-problem,42
fractal,graph-theory,1
binary,fastest-code,4
integer,set-theory,1
browser,javascript,1
base-conversion,code-golf,134
permutations,source-layout,6
factoring,number-theory,8
game-of-life,test-battery,1
decision-problem,obfuscation,1
browser,underhanded,1
abstract-algebra,graphical-output,1
decision-problem,path-finding,3
code-generation,popularity-contest,3
base-conversion,number-theory,14
balanced-string,palindrome,1
kolmogorov-complexity,tips,2
ascii-art,pi,1
polynomials,recursion,1
logic-gates,popularity-contest,1
arithmetic,math,152
calculus,code-golf,23
cops-and-robbers,tetris,1
chess,metagolf,1
logic-gates,quine,1
game-of-life,image-processing,2
popularity-contest,roman-numerals,1
c++,error-message,1
answer-chaining,interpreter,1
kolmogorov-complexity,scrabble,2
quine,whitespace-language,1
code-golf,tiling,27
c,music,1
equation,integer,3
chess,compression,2
challenge-writing,generation,1
chess,decision-problem,5
function,integer,1
grid,random,6
data-structures,whitespace,1
set-partitions,statistics,1
code-challenge,sudoku,6
fractal,primes,1
jelly,tips,1
ascii-art,division,2
ascii-art,tic-tac-toe,2
logic,proof-golf,3
graphical-output,polynomials,1
code-golf,sql,2
balanced-string,restricted-source,3
checksum,integer,1
fewest-operations,sorting,1
hexagonal-grid,primes,2
palindrome,quine,3
optimization,rational-numbers,1
dominoes,logic-gates,1
java,popularity-contest,2
fractal,graphical-output,22
compression,restricted-source,1
atomic-code-golf,regular-expression,1
decision-problem,haskell,1
array-manipulation,counting,7
checksum,string,1
pi,polyglot,1
ascii-art,data-structures,1
array-manipulation,graph-theory,2
source-layout,subsequence,1
division,string,1
c++,restricted-source,2
date,simulation,1
graph-theory,maze,6
graph-theory,kolmogorov-complexity,1
decision-problem,kolmogorov-complexity,1
fastest-algorithm,permutations,2
hardware,hello-world,1
math,subsequence,4
card-games,java,2
code-challenge,code-shuffleboard,1
chemistry,number,2
approximation,geometry,1
atomic-code-golf,graphical-output,1
knot-theory,sequence,1
random,word,2
decode,encode,1
natural-language,parsing,4
kolmogorov-complexity,word-puzzle,1
logic,random,1
counting,path-finding,2
board-game,permutations,1
combinatorics,decision-problem,7
ascii-art,random,31
array-manipulation,path-finding,1
algorithm,binary-matrix,1
math,quine,3
graph-theory,natural-language,1
c++,number,2
base-conversion,binary,22
ascii-art,counting,9
kolmogorov-complexity,restricted-source,22
date,string,20
code-golf,integer,228
java,math,1
atomic-code-golf,logic-gates,11
fastest-code,minesweeper,1
code-golf,game,172
parsing,string,69
decision-problem,subsequence,6
decision-problem,logic-gates,1
popularity-contest,stack,2
grid,permutations,3
number-theory,sorting,1
sudoku,test-battery,1
answer-chaining,number,4
ascii-art,calculus,1
hexagonal-grid,packing,1
primes,source-layout,5
geometry,trigonometry,9
game,sudoku,5
alphabet,sequence,2
javascript,set-theory,1
arithmetic,jelly,1
code-golf,pangram,2
compression,printable-ascii,1
code-challenge,logic,1
game,set-partitions,1
code-golf,lisp,10
parsing,physics,1
keyboard,string,11
kolmogorov-complexity,source-layout,6
code-golf,packing,10
hexagonal-grid,permutations,1
number-theory,regular-expression,1
natural-language,sorting,3
arithmetic,fastest-algorithm,2
chess,test-battery,1
animation,geometry,1
genetic-algorithms,popularity-contest,1
date,kolmogorov-complexity,14
number-theory,restricted-time,3
combinatorics,fastest-code,20
compression,rosetta-stone,1
crossword,graphical-output,1
bitwise,cryptography,1
statistics,string,1
printable-ascii,source-layout,14
brain-flak,interpreter,1
primes,restricted-source,9
javascript,recursion,1
crossword,geometry,1
permutations,puzzle-solver,2
code-challenge,tips,1
regular-expression,source-layout,1
classification,topology,1
code-challenge,data-structures,2
function,haskell,1
complex-numbers,trigonometry,1
number,obfuscation,2
number-theory,rosetta-stone,1
binary,interpreter,1
binary-tree,decision-problem,1
path-finding,printable-ascii,1
sequence,unicode,1
binary-matrix,decision-problem,2
astronomy,date,1
math,stack,2
checksum,code-golf,6
brainfuck,string,2
cryptography,number-theory,2
polynomials,random,1
file-system,popularity-contest,2
ai-player,code-golf,2
arithmetic,ascii-art,12
interactive,string,1
number,optimized-output,1
random,underhanded,1
function,javascript,2
code-challenge,integer,6
python,test-battery,2
arithmetic,counting,2
atomic-code-golf,graph-theory,2
cops-and-robbers,sequence,25
linear-algebra,matrix,27
base-conversion,polynomials,1
c++,code-generation,1
grid,math,11
arithmetic,pi,3
graphical-output,music,1
counting,geometry,3
brain-flak,stack,2
math,physics,2
hexagonal-grid,whitespace,1
expression-building,integer,5
sorting,unicode,1
code-challenge,fibonacci,2
hexadecimal,image-processing,2
array-manipulation,classification,1
combinatorics,topology,1
restricted-source,search,2
code-bowling,math,1
array-manipulation,sequence,13
code-challenge,compiler,2
music,random,1
grid,sliding-puzzle,1
game,hexagonal-grid,2
compression,optimization,1
binary,error-correction,1
busy-beaver,code-golf,5
audio,test-battery,1
counting,subsequence,2
math,random,7
code-golf,programming-puzzle,6
date,path-finding,1
answer-chaining,printable-ascii,4
generation,graph-theory,1
code-golf,compiler,8
brainfuck,encode,1
restricted-complexity,set-partitions,1
c++,polyglot,2
math,natural-language,1
graphical-output,number-theory,2
powershell,tips,3
pristine-programming,restricted-source,3
date,grid,1
alphabet,data-structures,1
brainfuck,geometry,1
function,math,13
fastest-code,matrix,1
function,trigonometry,1
haskell,string,2
clock,math,1
music,printable-ascii,1
generation,popularity-contest,4
fibonacci,geometry,1
golfscript,pyth,1
geometry,source-layout,1
fibonacci,stateful,1
balanced-string,syntax,4
geometry,optimized-output,1
ascii-art,sorting,4
code-golf,dart,1
kolmogorov-complexity,pi,3
grid,simulation,5
binary,complex-numbers,1
answer-chaining,hello-world,2
sorting,underhanded,1
array-manipulation,palindrome,1
string,subsequence,21
code-challenge,cryptography,7
card-games,game,12
bitwise,interpreter,1
code-challenge,haskell,2
division,number,13
code-generation,integer,1
obfuscation,polyglot,1
date,interactive,2
code-bowling,pi,1
base-conversion,combinatorics,1
graph-theory,optimization,6
hexadecimal,unicode,1
atomic-code-golf,simulation,1
game,geometry,2
c,polyglot,1
atomic-code-golf,number,4
string,tips,1
cellular-automata,decision-problem,1
chess,path-finding,2
palindrome,polyglot,3
cops-and-robbers,kolmogorov-complexity,3
decision-problem,stack-exchange-api,1
source-layout,tips,1
expression-building,fastest-code,1
game,graphical-output,5
abstract-algebra,geometry,4
card-games,optimization,1
clock,geometry,1
random,recursion,1
busy-beaver,pangram,1
c++,python,1
counting,sequence,8
graph-theory,logic-gates,1
date,graphical-output,3
board-game,probability-theory,1
date,physics,1
interpreter,regular-expression,2
3d,geometry,4
math,probability-theory,10
array-manipulation,optimization,9
image-processing,kolmogorov-complexity,2
quine,random,3
chemistry,regular-expression,1
pi,python,1
syntax,whitespace,2
binary,fractal,1
expression-building,number,6
regular-expression,restricted-source,1
alphabet,restricted-source,1
golf-cpu,math,1
functional-programming,restricted-source,1
graphical-output,hello-world,3
busy-beaver,code-challenge,19
binary,subsequence,4
game,probability-theory,3
pangram,radiation-hardening,1
statistics,unicode,1
arithmetic,interpreter,3
decision-problem,parsing,4
decision-problem,maze,2
code-golf,stack,25
java,programming-puzzle,2
ai-player,game,7
code-golf,set-theory,30
arithmetic,complex-numbers,5
array-manipulation,average,1
code-bowling,string,1
arithmetic,matrix,6
hello-world,obfuscation,5
code-golf,rosetta-stone,9
arithmetic,rosetta-stone,1
code-golf,integer-partitions,28
combinatorics,palindrome,1
geometry,python,2
combinatorics,fastest-algorithm,2
answer-chaining,classification,1
java,path-finding,1
arithmetic,sorting,3
new-years,string,3
ascii-art,scaling,1
code-generation,polyglot,3
fastest-code,linear-algebra,1
primes,rational-numbers,2
decision-problem,set-theory,2
restricted-complexity,source-layout,1
array-manipulation,rational-numbers,1
fastest-algorithm,function,1
code-golf,image-processing,76
array-manipulation,topology,1
astronomy,physics,1
css,popularity-contest,1
optimized-output,quine,1
kolmogorov-complexity,rational-numbers,1
kolmogorov-complexity,lua,1
parsing,unicode,3
geometry,graphical-output,37
popularity-contest,repeated-transformation,1
binary-matrix,sudoku,1
decision-problem,string,72
brain-flak,tips,2
color,number,1
image-processing,repeated-transformation,1
physics,simulation,2
code-generation,fibonacci,1
brainfuck,polyglot,2
audio,popularity-contest,2
date,new-years,2
permutations,word,1
code-golf,sudoku,12
restricted-source,set-theory,2
arithmetic,tips,1
array-manipulation,kolmogorov-complexity,1
code-golf,fastest-code,4
text-processing,unicode,1
atomic-code-golf,code-challenge,2
board-game,sequence,1
natural-language,unicode,1
number,rosetta-stone,2
polyglot,unicode,1
array-manipulation,php,1
optimization,popularity-contest,1
logic-gates,math,2
sorting,subsequence,2
arithmetic,set-theory,3
code-challenge,test-battery,24
popularity-contest,tic-tac-toe,2
geometry,string,12
math,tips,3
animation,code-golf,53
code-challenge,king-of-the-hill,3
alphabet,ascii-art,10
hello-world,polyglot,2
answer-chaining,restricted-source,6
integer-partitions,random,2
compression,graphical-output,4
base-conversion,hexadecimal,5
tips,underload,1
math,popularity-contest,17
arithmetic,rational-numbers,5
code-challenge,expression-building,3
cipher,markov-chain,1
matrix,statistics,1
ascii-art,connected-figure,2
hello-world,restricted-source,15
bitwise,statistics,1
arithmetic,sequence,51
ascii-art,combinatorics,5
file-system,whitespace,1
counting,image-processing,3
quine,rosetta-stone,1
atomic-code-golf,box-256,1
rosetta-stone,unicode,1
brain-flak,code-golf,9
decision-problem,python,2
pi,string,2
permutations,random,10
binary-tree,graph-theory,2
befunge,code-golf,4
geometry,simulation,1
javascript,sliding-puzzle,2
popularity-contest,rational-numbers,1
polyglot,restricted-source,1
3d,counting,1
ascii-art,metagolf,1
card-games,decision-problem,5
approximation,code-challenge,1
graph-theory,math,12
functional-programming,integer,1
number,tips,4
base-conversion,palindrome,7
brainfuck,x86-family,1
printable-ascii,regular-expression,1
code-challenge,optical-char-recognition,1
code-golf,restricted-time,13
binary,sequence,27
arithmetic,floating-point,1
date,expression-building,1
obfuscation,restricted-source,2
matrix,unicode,1
geometry,king-of-the-hill,1
cellular-automata,math,2
game,kolmogorov-complexity,4
code-bowling,quine,3
fractal,random,2
code-golf,factoring,21
javascript,math,2
interpreter,language-design,1
number,subsequence,10
binary,game,3
apl,classification,1
counting,integer,1
python,string,3
conversion,substitution,1
ascii-art,tips,2
number-theory,polynomials,4
generation,logic,1
encoding,string,1
c++,reverse-engineering,1
chess,code-challenge,8
image-processing,random,1
combinatorics,image-processing,1
cops-and-robbers,rosetta-stone,2
math,repeated-transformation,5
code-challenge,keyboard,6
restricted-source,source-layout,17
color,random,1
cryptography,fastest-code,3
classification,primes,1
python,quine,1
cryptography,underhanded,1
card-games,king-of-the-hill,6
compiler,javascript,1
arithmetic,source-layout,2
functional-programming,string,1
ascii-art,decision-problem,14
division,number-theory,12
graph-theory,graphical-output,3
number,tiling,1
counting,parsing,1
math,set-partitions,4
graph-theory,printable-ascii,1
code-golf,javascript,38
bitwise,code-golf,47
decision-problem,regular-expression,5
keyboard,number,1
polynomials,topology,1
integer,packing,1
pangram,printable-ascii,1
tips,vim,2
javascript,regular-expression,1
binary,math,12
math,polyglot,5
decision-problem,tic-tac-toe,1
c,fastest-code,1
card-games,random,2
chess,integer,1
functional-programming,programming-puzzle,1
fractal,geometry,2
arithmetic,puzzle-solver,1
arithmetic,restricted-source,12
classification,restricted-source,1
code-golf,language-design,3
compression,sequence,2
fibonacci,javascript,1
perl,popularity-contest,1
code-golf,multiple-holes,10
palindrome,string,21
code-challenge,kolmogorov-complexity,22
graphical-output,maze,1
arithmetic,javascript,1
code-golf,underhanded,1
king-of-the-hill,maze,1
hq9+,interpreter,1
base-conversion,subsequence,3
answer-chaining,word-search,1
expression-building,integer-partitions,1
array-manipulation,number-theory,4
cipher,string,11
conversion,restricted-source,1
fastest-algorithm,fastest-code,1
source-layout,whitespace,5
integer-partitions,permutations,1
kolmogorov-complexity,number-theory,4
animation,recursion,1
code-generation,code-golf,41
code-golf,polyglot,30
function,functional-programming,4
integer,polynomials,5
game-of-life,matrix,1
cops-and-robbers,printable-ascii,3
hello-world,string,8
image-processing,parsing,1
decision-problem,test-battery,3
decision-problem,factorial,1
data-structures,puzzle-solver,1
electrical-engineering,optimization,1
decision-problem,division,4
data-structures,tree-traversal,2
brainfuck,puzzle-solver,1
date,natural-language,3
functional-programming,matrix,1
date,quine,2
classification,number,6
code-challenge,tree-traversal,1
answer-chaining,language-design,1
decision-problem,grid,14
c,cryptography,1
path-finding,physics,1
3d,game,1
geometry,restricted-source,1
image-processing,sliding-puzzle,1
grid,matrix,3
code-challenge,string,52
counting,fastest-algorithm,1
decision-problem,number,72
arithmetic,roman-numerals,2
metagolf,prelude,1
code-challenge,markov-chain,1
grid,string,30
path-finding,popularity-contest,1
board-game,matrix,1
css,random,1
array-manipulation,conversion,1
date,time,1
decode,restricted-time,1
complex-numbers,decision-problem,1
arithmetic,functional-programming,1
binary,graphical-output,1
answer-chaining,source-layout,1
lambda-calculus,string,3
animation,kolmogorov-complexity,11
1p5,code-challenge,1
card-games,python,2
fastest-algorithm,math,9
regular-expression,sudoku,1
code-golf,multi-threading,3
answer-chaining,decision-problem,1
binary,compression,1
matrix,subsequence,2
code-golf,geometry,233
brainfuck,interpreter,8
counting,game,2
code-challenge,random,8
binary,optimization,1
code-challenge,functional-programming,2
classification,math,3
cellular-automata,grid,2
hashing,popularity-contest,1
code-challenge,division,1
c,function,1
code-challenge,grid,9
bitwise,cellular-automata,1
arithmetic,string,29
sed,tips,1
binary-tree,code-challenge,1
number,recursion,2
image-processing,king-of-the-hill,1
chess,fastest-code,2
ascii-art,primes,4
binary,logic,2
animation,physics,1
set-partitions,subsequence,3
combinatorics,random,6
encode,number,1
restricted-source,string,33
metagolf,restricted-source,4
subsequence,substitution,1
c++,compile-time,2
code-challenge,crossword,2
code-golf,cryptography,48
probability-theory,string,1
permutations,sorting,8
number-theory,pi,1
graphical-output,tiling,6
game,tic-tac-toe,4
kolmogorov-complexity,tic-tac-toe,1
arithmetic,metagolf,1
array-manipulation,hexagonal-grid,1
array-manipulation,substitution,1
base-conversion,parsing,2
code-golf,rubiks-cube,16
geometry,knot-theory,1
ascii-art,polyglot,3
golf-cpu,number-theory,2
javascript,tips,18
code-golf,word-search,8
decision-problem,graph-theory,18
binary,decode,2
integer,string,18
atomic-code-golf,proof-golf,2
code-bowling,date,1
decision-problem,primes,25
crossword,fastest-code,1
encode,popularity-contest,1
code-golf,jelly,3
integer,matrix,5
c++,math,2
permutations,set-partitions,1
code-generation,halting-problem,1
abstract-algebra,complex-numbers,1
encryption,keyboard,1
prelude,stack,1
number,restricted-complexity,3
matrix,sorting,3
number-theory,restricted-source,4
befunge,optimized-output,1
decision-problem,rubiks-cube,1
grid,set-partitions,5
array-manipulation,lisp,1
code-golf,substitution,9
game,restricted-source,2
animation,printable-ascii,1
code-generation,number,2
electrical-engineering,sequence,1
binary,c#,1
brain-flak,text-processing,1
geometry,polynomials,1
cops-and-robbers,random,2
alphabet,text-processing,1
binary-matrix,game,2
natural-language,word,1
game,word-puzzle,2
code-challenge,integer-partitions,1
optimization,scrabble,1
search,subsequence,1
ascii-art,sequence,7
combinatorics,primes,4
game,obfuscation,1
c#,tips,5
keyboard,kolmogorov-complexity,1
game,random,13
color,graph-theory,1
cops-and-robbers,polyglot,7
ascii-art,crossword,1
binary,manufactoria,1
multiple-holes,restricted-source,3
random,tiling,1
apl,balanced-string,1
code-golf,puzzle-solver,57
ascii-art,number,28
game-of-life,string,2
combinatorics,source-layout,2
data-structures,popularity-contest,2
cellular-automata,game-of-life,11
base-conversion,fibonacci,2
code-golf,scaling,1
ascii-art,permutations,1
fastest-code,path-finding,2
language-design,tips,2
optimized-output,set-partitions,1
code-golf,golfscript,6
array-manipulation,networking,1
code-golf,word-puzzle,16
answer-chaining,ascii-art,2
decision-problem,sliding-puzzle,1
cjam,multiple-holes,1
math,statistics,9
permutations,primes,3
haskell,sorting,1
code-challenge,source-layout,34
ascii-art,clock,1
binary-matrix,test-battery,1
obfuscation,sequence,1
lambda-calculus,sorting,1
grid,king-of-the-hill,8
cipher,cryptography,2
c#,java,2
number-theory,subsequence,2
atomic-code-golf,integer,1
kolmogorov-complexity,python,3
optimization,tree-traversal,2
number-theory,optimization,1
internet,stack-exchange-api,19
decision-problem,sorting,1
bash,popularity-contest,1
game,optimization,2
palindrome,sequence,9
graphical-output,trigonometry,5
floating-point,self-referential,1
sql,syntax,1
polyglot,sequence,8
code-golf,pyth,6
logic,python,1
natural-language,number-theory,1
quine,sliding-puzzle,1
c,syntax,1
interpreter,substitution,1
quine,vim,1
set-partitions,string,3
compression,popularity-contest,1
arithmetic,clock,1
king-of-the-hill,minesweeper,1
graphical-output,internet,2
polyglot,regular-expression,1
c,floating-point,1
ascii-art,cellular-automata,2
atomic-code-golf,logic,1
fastest-algorithm,sequence,2
random,repeated-transformation,2
balanced-string,factoring,1
fibonacci,number,21
array-manipulation,tips,4
dc,tips,1
integer,permutations,3
combinatorics,number,22
graph-theory,number,2
logic-gates,optimization,2
deadfish,interpreter,2
assembly,math,2
binary-tree,tree-traversal,2
regular-expression,string,11
date,keyboard,1
combinatorics,knot-theory,1
machine-code,x86-family,3
date,sequence,2
array-manipulation,permutations,12
perl,tips,3
graphical-output,octave,1
path-finding,string,3
code-challenge,encode,2
code-challenge,number,38
matrix,optimization,2
comment,regular-expression,1
compression,hashing,1
code-generation,fractal,1
code-golf,coding-theory,6
c,whitespace,1
busy-beaver,primes,1
arithmetic,permutations,2
c++,programming-puzzle,2
golfing-language,tips,2
bioinformatics,string,1
code-golf,topology,9
path-finding,simulation,1
chess,matrix,1
array-manipulation,javascript,3
math,restricted-source,22
fibonacci,printable-ascii,1
ai-player,java,1
fastest-code,geometry,2
optimization,packing,1
geometry,metagolf,1
game,permutations,5
alphabet,cryptography,1
geometry,polyomino,2
code-golf,fractal,54
classification,parsing,1
fewest-operations,optimization,2
ruby,tips,3
cryptography,graphical-output,1
sorting,stack,4
fibonacci,number-theory,7
calculus,fractal,1
coding-theory,optimization,1
division,sequence,7
machine-code,popularity-contest,1
coding-theory,number-theory,1
c++,palindrome,1
code-challenge,game,31
brainfuck,sorting,1
assembly,hello-world,1
geometry,topology,1
repeated-transformation,syntax,1
fractal,popularity-contest,3
permutations,rubiks-cube,1
counting,logic,1
grid,hexagonal-grid,4
division,primes,3
fibonacci,primes,5
permutations,sequence,10
counting,number,14
grid,packing,2
c++,tips,3
code-challenge,compile-time,4
electrical-engineering,kolmogorov-complexity,1
pi,sorting,1
brainfuck,image-processing,1
logic-gates,parsing,1
abstract-algebra,topology,1
brainfuck,steganography,1
code-bowling,code-challenge,5
balanced-string,interpreter,1
logic,string,3
code-golf,compile-time,2
game,sequence,4
game,sorting,1
ascii-art,graphical-output,28
math,puzzle-solver,4
base-conversion,integer,9
classification,subsequence,1
recursion,tips,1
rosetta-stone,string,1
decision-problem,tiling,3
code-golf,cops-and-robbers,38
ai-player,math,1
morse,new-years,1
fastest-algorithm,puzzle-solver,1
file-system,underhanded,1
base-conversion,tiling,1
date,unicode,1
game-of-life,grid,5
counting,restricted-source,2
code-golf,maze,32
electrical-engineering,parsing,1
parsing,test-battery,2
integer-partitions,sequence,4
number,popularity-contest,8
fibonacci,subsequence,4
combinatorics,counting,7
calculus,math,14
base-conversion,recursion,1
graphical-output,path-finding,3
3d,sorting,1
c,java,3
binary-matrix,fastest-code,1
code-challenge,hexagonal-grid,1
classification,word,3
functional-programming,tips,2
duct-tape-coding,sorting,1
atomic-code-golf,tips,1
code-golf,data-structures,28
ascii-art,probability-theory,1
code-golf,starry,1
chess,king-of-the-hill,2
ascii-art,set-theory,1
genetic-algorithms,path-finding,1
animation,game,1
grid,image-processing,1
arithmetic,factorial,2
minesweeper,random,2
math,tiling,2
geometry,repeated-transformation,1
ascii-art,python,1
code-challenge,code-generation,14
code-golf,fibonacci,84
code-golf,stateful,8
array-manipulation,grid,5
popularity-contest,programming-puzzle,3
ascii-art,file-system,1
bitwise,decision-problem,2
quine,restricted-source,15
graphical-output,typography,2
audio,morse,2
ai-player,tetris,2
atomic-code-golf,math,10
image-processing,quine,1
bitwise,number,8
generation,parsing,1
base-conversion,brainfuck,1
c,sorting,1
path-finding,sorting,3
chess,fibonacci,1
calculus,integer,1
crossword,word-search,1
chemistry,parsing,2
haskell,polyglot,1
geometry,interactive,1
fewest-operations,subsequence,1
maze,optimization,2
alphabet,matrix,1
pangram,string,3
self-referential,source-layout,1
alphabet,array-manipulation,1
code-golf,grammars,8
crossword,optimization,1
text-processing,typography,1
arithmetic,simulation,1
factorial,math,11
date,integer,1
primes,python,3
audio,kolmogorov-complexity,4
bitwise,palindrome,1
array-manipulation,geometry,5
graph-theory,topology,1
swift,tips,1
lambda-calculus,repeated-transformation,1
geometry,sequence,4
graph-theory,sequence,3
hexagonal-grid,metagolf,1
arithmetic,grid,8
array-manipulation,restricted-source,3
ascii-art,lisp,1
math,recursion,5
grid,word-search,3
geometry,path-finding,4
expression-building,math,8
graphical-output,lua,1
decision-problem,pattern-matching,2
combinatorics,number-theory,17
3d,array-manipulation,1
board-game,classification,1
fibonacci,string,3
abstract-algebra,bitwise,1
new-years,quine,1
programming-puzzle,regular-expression,2
grid,optimization,6
number,typography,1
combinatorics,graphical-output,2
ascii-art,board-game,5
clock,expression-building,1
complex-numbers,fractal,1
cops-and-robbers,restricted-source,3
number-theory,set-theory,1
grid,sudoku,1
code-challenge,deadfish,1
geometry,tips,2
restricted-source,tips,1
counting,java,1
arithmetic,c,3
crossword,word-puzzle,1
haskell,syntax,1
ascii-art,source-layout,1
data-structures,string,7
file-system,subsequence,1
array-manipulation,floating-point,1
board-game,path-finding,2
integer,restricted-complexity,1
random,simulation,3
code-golf,tree-traversal,12
array-manipulation,fastest-algorithm,3
arithmetic,recursion,6
kolmogorov-complexity,primes,6
fastest-code,puzzle-solver,3
encode,primes,1
graph-theory,word,1
cops-and-robbers,source-layout,7
perl,ruby,1
ascii-art,tree-traversal,1
regular-expression,search,1
search,sorting,1
hello-world,quine,2
number-theory,sequence,81
code-challenge,decode,2
number,set-theory,3
multiple-holes,source-layout,1
base-conversion,unicode,1
animation,graphical-output,15
arithmetic,integer-partitions,2
atomic-code-golf,lambda-calculus,1
audio,keyboard,1
internet,tips,1
binary,matrix,1
fibonacci,math,21
decision-problem,keyboard,1
code-golf,octave,4
encode,fibonacci,1
interactive,keyboard,1
metagolf,popularity-contest,2
3d,code-golf,12
polyglot,topology,1
crossword,source-layout,2
binary,encryption,1
algorithm,number,1
logic,test-battery,1
astronomy,code-golf,2
integer,math,47
parsing,rubiks-cube,1
ascii-art,tetris,1
arithmetic,code-challenge,14
string,test-battery,1
test-battery,text-processing,1
cipher,keyboard,1
halting-problem,interpreter,3
error-correction,number,1
cryptography,restricted-complexity,1
c++,popularity-contest,4
code-golf,pi,42
ascii-art,kolmogorov-complexity,154
compiler,optimization,1
graphical-output,primes,2
brainfuck,code-challenge,12
matrix,permutations,2
popularity-contest,word-puzzle,1
grammars,parsing,1
image-processing,new-years,1
board-game,card-games,1
card-games,string,4
classification,code-golf,39
kolmogorov-complexity,sequence,18
cryptography,hashing,3
code-challenge,programming-puzzle,4
code-challenge,set-partitions,1
base-conversion,game,1
animation,math,2
manufactoria,math,1
new-years,sequence,1
alphabet,date,1
binary,restricted-source,4
multiple-holes,number,3
graphical-output,pi,1
assembly,box-256,1
number,probability-theory,5
primes,underhanded,1
binary,date,1
fractal,sequence,3
cryptography,math,3
floating-point,palindrome,1
expression-building,kolmogorov-complexity,1
code-golf,comment,7
cops-and-robbers,primes,4
binary,logic-gates,2
code-golf,java,10
assembly,c++,1
code-golf,sequence,548
number-theory,recursion,1
code-golf,natural-language,74
answer-chaining,maze,1
abstract-algebra,math,26
generation,image-processing,1
number,stack,5
parsing,syntax,4
code-generation,primes,1
code-challenge,multiple-holes,4
integer-partitions,number-theory,10
integer-partitions,math,11
obfuscation,perl,1
lisp,recursion,1
linear-algebra,repeated-transformation,1
balanced-string,subsequence,1
kolmogorov-complexity,palindrome,1
lua,tips,2
graphical-output,javascript,1
ai-player,c#,1
optimization,word,1
card-games,number-theory,1
ascii-art,quine,4
balanced-string,sequence,3
bitwise,string,4
random,stack-exchange-api,1
complex-numbers,integer,1
code-generation,new-years,1
file-system,recursion,1
calculus,geometry,1
compression,string,16
arithmetic,code-generation,3
pyth,python,1
code-challenge,physics,1
array-manipulation,brain-flak,1
optimization,self-referential,1
decision-problem,quine,4
busy-beaver,number-theory,1
code-golf,counting,91
graph-theory,integer,2
ascii-art,integer,11
string,word,5
math,word,1
chess,graph-theory,3
pattern-matching,regular-expression,1
genetic-algorithms,random,1
compiler,radiation-hardening,1
game-of-life,quine,1
classification,sequence,1
code-golf,interpreter,79
search,string,6
factorial,sequence,2
fastest-algorithm,number-theory,2
hello-world,kolmogorov-complexity,4
cellular-automata,optimization,1
